"RT @LenArt24: Zum WocheENDE mein erstes Kunstwerk #nike #justdoit #papier #grafik #gelb #gr√ºn #blau #rot #LenArt24 üì∑: @LenArt24 https://t.c‚Ä¶","0","41","positive"
"Nochmal an der frischen Luft gewesen. #run #runhappy #nike #asics #garmin #strava 

https://t.co/mFxr0wk1mV https://t.co/mFxr0wk1mV","1","0","negative"
"[ 35,78% OFF ] https://t.co/4su4ArZTkq #Nike Nike Damen Laufschuh NIKE Air Zoom Pegasus 32 W pink / grau https://t.co/8kNPZdVlMV","0","0","negative"
"RT @heilbronnpix: Einfach zu kalt f√ºr Mai üôà #fashion #fashionista #fashionaddict #zara #hm #pandora #adidas ‚Ä¶ https://t.co/XEQUR6Alej https‚Ä¶","0","1","positive"
"#Nike - Interessantes Unterst√ºtzungsniveau #b√∂rse #aktien $NKE https://t.co/JQHlSKP89d https://t.co/KdY5DJCmmi","0","0","positive"
"RT @xztals: Inter x nike x versace #nike #football #design #versace #inter #graphics #seriea #whatif https://t.co/gddbuXAciI","0","26","positive"
"Einfach zu kalt f√ºr Mai üôà #fashion #fashionista #fashionaddict #zara #hm #pandora #adidas ‚Ä¶ https://t.co/XEQUR6Alej https://t.co/le7FXcjHXj","0","1","positive"
"#Adidas Mini Museum Schuhe Vintage DFB Bundesliga WM 74 82 90 !!! - https://t.co/gk6Q1cDhWo https://t.co/VBXEHxLvm5","0","0","positive"
"Ursula Schmitz likes zapatoss #Geox #NorthSails #Puma #Nike #Diadora #asics https://t.co/RgMw5c0qVT https://t.co/PGVhmPD6Pe","0","0","positive"
"#Adidas Originals Kaiser 5 Liga, Men's #Football #Training - https://t.co/dbYGVhZZx1","0","0","positive"
"[ 35,78% OFF ] https://t.co/XTuTtvfAjj #Nike Nike Damen Laufschuh NIKE Air Zoom Pegasus 32 W pink / grau https://t.co/0du3KLUne5","0","0","positive"
"https://t.co/j862w3azPD #Nike 2015 DS Nike LeBron XIII Doernbecher DB","0","0","positive"
"[ 35,78% OFF ] https://t.co/vk3BojjhBl #Nike Nike Damen Laufschuh NIKE Air Zoom Pegasus 32 W pink / grau https://t.co/ncx5qvtOSK","0","0","positive"
"Kleine Feierabendrunde #run #runner #running #trailrunning #adidas #adidasrunning #polar‚Ä¶ https://t.co/shvZgTWINK","0","0","positive"
"Bayern Home #alpaca #ps4 #bayern #munich #allianz #arena #nike #camo #tiempo #sweet #blue ‚Ä¶ https://t.co/hAokJZuAG3 https://t.co/2YWolC0BjT","0","0","positive"
"#NIKE AIR MAX Turnschuhe Sneakers Damen wei√ü grau Gr. 41 wie NEU - https://t.co/vJK7UpGEDV https://t.co/Fp3D8JlfJa","0","0","positive"
"#Nike Equilibrium Modern Tempo 723944-010 - #Sportbroek - #Dames - Zwart - Maat S https://t.co/Z8uqU1QNiu  #leidenmarathon","0","0","positive"
"#SNKRSHOPS <<: https://t.co/W2yQ4Jae1K :>> shop: asphaltgold.de #nike #nikeair #nikeairmax #airmax1 #TinkerHatfiel‚Ä¶ https://t.co/5mMpzifOsf","1","0","positive"
"#Modeln im Ausland #1 - Rene‚Äã war 45 Tage in #Istanbul! Ua. f√ºr #JACKJONES‚Äã‚Äã und #Nike‚Äã! > https://t.co/1iw83ZESGw https://t.co/NVjH1zt8xx","1","0","positive"
"https://t.co/IH4wOG3G0N #Nike NIKE AIR FORCE 1 CMFT MOWABB SAND DUNE 685159-201 8.5","0","0","positive"
"#Apparel #Souvenirs Men's #Adidas #NewYork #Knicks #Carmelo #Anthony #Jersey XXL--54 https://t.co/BqqMjSaQNy #NBA #Auction","0","0","positive"
"RT @ishLVL: Bishxish: @UNDEFEATEDinc x #Nike Dunk Hi NL x #Sneaker x #Fashion x #Style https://t.co/lzkbwJU2Dm","0","2","positive"
"S/o @_suppastore_ f√ºr den Discount bei den #nike #presto","0","0","positive"
"[ 39,83% OFF ] https://t.co/QMCJDyh6DR #Nike Nike Pico 4 TDV Baby Jungen Lauflernschuhe https://t.co/XguAWdWlHp","0","0","positive"
"Sport mode üòé #sport #outfit #afternoon #outfitoftheday #mirror #selfie #zara #nike #smile #specchio #sonrisa #salie‚Ä¶ https://t.co/kNCNNW65RD","1","0","positive"
"[ 39,83% OFF ] https://t.co/i2lCzQRU5s #Nike Nike Pico 4 TDV Baby Jungen Lauflernschuhe https://t.co/76DeqH0dOh","0","0","positive"
"25% Extra-Rabatt im Adidas Outlet (ab drei Artikeln) - nur heute ‚ñ∫ https://t.co/QvOsikxjcL #adidas #sneaker #sparen https://t.co/f5rUePeZ21","0","0","positive"
"RT @capitalMagazin: Exklusiv: Die Familie von Adi Dassler hat sich zusammengeschlossen, um sich Markenrechte sch√ºtzen zu lassen #Adidas htt‚Ä¶","0","2","positive"
"RT @capitalMagazin: Exklusiv: Die Familie von Adi Dassler hat sich zusammengeschlossen, um sich Markenrechte sch√ºtzen zu lassen #Adidas htt‚Ä¶","0","2","positive"
"#nike #shoes Nike Kyrie 2 LMTD ""Duke PE"" https://t.co/ghNmRRJUid #forsale #kicks","0","0","positive"
"#ootd #outfitoftheday #adidas #cap #urbanclassics #bomber #allblack #blvckfashion @ Stuttgart‚Ä¶ https://t.co/14aXNHcH6C","0","0","positive"
"#Basketball #Shoes #Nike Zoom Soldier II Team Edition men sz 18 319407-161 zs2‚Ä¶ https://t.co/H28MMoS5Ve #NBA #Star https://t.co/mUyeP0YiN5","0","0","positive"
"RT @Markenartikler: #Nike gegen #Adidas : Das Rennen um den gr√ºnen Turnschuh. #Nachhaltigkeit https://t.co/nXMN4f8iyU","0","1","positive"
"#Adidas Sneaker f√ºr Kinder, 20, selten getragen, wie neu, Halbschuhe, Turnschuhe - https://t.co/qKHl9ko3Dd https://t.co/Qeqe8gnUzN","0","0","positive"
"@ArthurMakiela #Puma #Adidas man kann es ignorieren oder einfach die Wahrheit anerkennen.","2","0","positive"
"Verpackung demoliert aber die Yeezys sind gut auf #Yeezy #Kanye #KanyeWest #Sneaker #Schuhe #Adidas https://t.co/ykF0RfcSiT","2","0","positive"
"#Adidas Originals Kaiser 5 Liga, Men's #Football #Training - https://t.co/l5zb3JlMoI","0","0","positive"
"https://t.co/1UK9oqydnF #Nike DS NIKE KOBE 9 IX EM EYBL PEACH JAM PE SAMPLE UNRELEASED AAU Sz 16","0","0","positive"
"#Nike gegen #Adidas : Das Rennen um den gr√ºnen Turnschuh. #Nachhaltigkeit https://t.co/nXMN4f8iyU","0","1","positive"
"#nike #shoes Men's Nike Air max 95 sz. 9.5 https://t.co/eif4tMrmWi #forsale #kicks","0","0","positive"
"89 Euro - Original #Adidas Dfb Trikot Xl Gr√ºn, 2012, Em, Wm, Wei√ü, Seltenes Sammlerst√ºck 13 https://t.co/gygDjz5vNa https://t.co/Nl485k9vRx","0","0","positive"
"RT @xztals: Inter x nike x versace #nike #football #design #versace #inter #graphics #seriea #whatif https://t.co/gddbuXAciI","0","26","positive"
"Exklusiv: Die Familie von Adi Dassler hat sich zusammengeschlossen, um sich Markenrechte sch√ºtzen zu lassen #Adidas https://t.co/UNKuYhqQL3","7","2","positive"
"Sie sind da!Ab heute sind die neuen BVB- Heimtrikots bei uns erh√§ltlich! 
20% TS-Rabatt! #tssportsfashion #bvb #puma https://t.co/eaXQzvqnIT","1","0","positive"
"RT @aktionaer: #Adidas 110,8‚Ç¨ scheidender Chef Herbert Hainer k√∂nnte als Aufsichtsratschef zur√ºckkehren /TA https://t.co/doqUU5N96F https:/‚Ä¶","0","1","positive"
"BILD_Nuernberg: Wolfgang #Matth√§us. Mein Bruder Lothar #Loddar #puma #herzogenaurach 
https://t.co/wcSI4rbpXG https://t.co/F8GSK3qphB","0","0","positive"
"Wolfgang #Matth√§us. Mein Bruder Lothar #Loddar #puma #herzogenaurach 
https://t.co/QseJvRdzKF https://t.co/q9xOWTr2jw","0","0","positive"
"Wolfgang #Matth√§us. Mein Bruder Lothar #Loddar #puma #herzogenaurach 
https://t.co/vTNWmHFMyo https://t.co/cEGkr0bWa3","0","0","positive"
"#Durant #Shoes #Nike AIR #KD V 5 SPLATTER Kevin Durant Nerf 554988-007 DS‚Ä¶ https://t.co/3RDVWhV1Vb #Sales #Deals https://t.co/I2tFsZJJ67","0","0","positive"
"#Adidas 110,8‚Ç¨ scheidender Chef Herbert Hainer k√∂nnte als Aufsichtsratschef zur√ºckkehren /TA https://t.co/doqUU5N96F https://t.co/G6KV0ov61C","1","1","positive"
"#NKE 57.14$ #Nike zahlt Quartalsdividende von 0,16$ Aussch√ºttung am 5. Juli /TA https://t.co/zXlHj9YF6M https://t.co/5h2KbOLq8p","0","0","positive"
"Rudi Friedrich likes zapatoss #Geox #NorthSails #Puma #Nike #Diadora #asics https://t.co/RgMw5bIPxj https://t.co/iwPKE36bLH","0","0","positive"
"Stefan Keller likes zapatoss #Geox #NorthSails #Puma #Nike #Diadora #asics https://t.co/RgMw5bIPxj https://t.co/Bmd0e6QGmV","0","0","positive"
"#adidas-Aktie mit technischem Warnsignal #wirtschaft #finanzen https://t.co/D6vMXIOf0z","0","0","positive"
"RT @MagnetMagazin: #GamePlanA #adidas #OnlineMagazin - #OnlineMarketing im #MagazinStil wie #MagnetMagazin
https://t.co/L2lo1YClOs https://‚Ä¶","0","1","positive"
"RT @HeinzHafner: #GamePlanA #adidas bringt #OnlineMagazin wir gratulieren!
Das #MagnetMagazin Team
http://https://t.co/GpJbP1a2gl https://t‚Ä¶","0","1","positive"
"#Mens #Nike KOBE HYPERDUNK SNAKEPOOL DEL SOL Mens #Basketball #Shoes Sz 10 #386424-700 https://t.co/ZWnvWYo72P #Top https://t.co/S2KaNzGGpX","0","0","negative"
"RT @urionestore: #JUAL #JAKET #HOODIE #ZIPPER #NIKE 115RB | ORDER LINE@PRISKAWINDHY @iklansupplier https://t.co/lndVjIXCXD","0","1","positive"
"#Best #Shoes MENS #Nike ID FREE TR TRAINER 5.0 LSU TIGERS GEAUX #Custom Made SHOES 803218 991 SZ 9.5 https://t.co/9GA7EvyOsK #Running","0","0","negative"
"#JUAL #JAKET #HOODIE #ZIPPER #NIKE 115RB | ORDER LINE@PRISKAWINDHY @iklansupplier https://t.co/lndVjIXCXD","0","1","neutral"
"https://t.co/CJVsfSGc5P #Nike NIKE DUNK CMFT PRM 705433-602 Size:US 11","0","0","positive"
"#Adidas Laufshirt Response Produkte trenden gerade. Mehr dazu auf https://t.co/l6C7H8NkD7 . #shopping #trends https://t.co/jU0tCEAjGO","0","0","positive"
"#Best #Nike Kevin Durant KD XMAS Size 13 Jordan Supreme Patta Nerf HUF EYBL PeachJam #Sporting #Shoes https://t.co/9r4idqqt3T","0","0","negative"
"#JUAL #JAKET #HOODIE #ZIPPER #NIKE 115RB | ORDER LINE@PRISKAWINDHY @Jualbeli https://t.co/lndVjIXCXD","0","0","positive"
"#nike #shoes Nike Air Trainer 1 Python Sz 9.5 https://t.co/jbXCTcZiWO #forsale #kicks","0","0","negative"
"#Best #Nike Kevin Durant KD XMAS Size 13 Jordan Supreme Patta Nerf HUF EYBL PeachJam #Sporting #Shoes https://t.co/FJCzp67MP1","0","0","positive"
"#JUAL #JAKET #HOODIE #ZIPPER #NIKE 115RB | ORDER LINE@PRISKAWINDHY @apaajaIKLAN https://t.co/lndVjIXCXD","0","0","negative"
"#KanyeWest #Shoes Kanye West Sz 8.5 #Adidas #Yeezy Boost 350 AQ2659 Pirate‚Ä¶ https://t.co/fwvPkwjCt1 #Bestseller #Buy https://t.co/D4kLgYlzpi","1","0","neutral"
"RT @faznet: Der neue #Adidas-Chef ist nicht so sehr #Fu√üball-Enthusiast, wie der alte. Was sagt der Aufsichtsrat dazu? https://t.co/xyXeQQn‚Ä¶","0","4","negative"
"#JUAL #JAKET #HOODIE #ZIPPER #NIKE 115RB | ORDER LINE@PRISKAWINDHY @tweetjubel https://t.co/lndVjIXCXD","0","0","positive"
"#Best #Nike Kevin Durant KD XMAS Size 13 Jordan Supreme Patta Nerf HUF EYBL PeachJam #Sporting #Shoes https://t.co/BTupYmkXDd","0","0","positive"
"70 Euro - #Adidas Original Retro Dfb Em Championship Deutschland Trainingsjacke Gr. L https://t.co/ZoBIQeSaGF https://t.co/umMvbbckM0","0","0","positive"
"#JUAL #JAKET #HOODIE #ZIPPER #NIKE 115RB | ORDER LINE@PRISKAWINDHY @JatengIKLAN https://t.co/lndVjIXCXD","0","0","positive"
"#Best #Nike Kevin Durant KD XMAS Size 13 Jordan Supreme Patta Nerf HUF EYBL PeachJam #Sporting #Shoes https://t.co/vzVv0nAVZK","0","0","positive"
"#JUAL #JAKET #HOODIE #ZIPPER #NIKE 115RB | ORDER LINE@PRISKAWINDHY @CelotehPROMO https://t.co/lndVjIXCXD","0","0","positive"
"#Best #Nike Kevin Durant KD XMAS Size 13 Jordan Supreme Patta Nerf HUF EYBL PeachJam #Sporting #Shoes https://t.co/Y8HNStPnUP","0","0","positive"
"#JUAL #JAKET #HOODIE #ZIPPER #NIKE 115RB | ORDER LINE@PRISKAWINDHY @info_reseller https://t.co/lndVjIXCXD","0","0","positive"
"#Best #Nike Kevin Durant KD XMAS Size 13 Jordan Supreme Patta Nerf HUF EYBL PeachJam #Sporting #Shoes https://t.co/D8ufBgMvR5","0","0","negative"
"13,38 Euro - Dfb Trikot Em 2008 #Adidas Original Mit Patches 3xl Xxxl Wie Neu Tim Borowski https://t.co/I2QNfSbnhT https://t.co/7DXqHnzlMV","0","0","positive"
"https://t.co/DLDYU1bBK0 #Nike sz 8.5 Lebron XI 11 Low Black Gum Bottom Nike","0","0","negative"
"https://t.co/hOCrY472kH #Nike Lebron Soldier 9 IX  Size 9","0","0","neutral"
"#JUAL #JAKET #HOODIE #ZIPPER #NIKE 115RB | ORDER LINE@PRISKAWINDHY @IklanCeloteh https://t.co/lndVjIXCXD","0","0","negative"
"#Best #Nike Kevin Durant KD XMAS Size 13 Jordan Supreme Patta Nerf HUF EYBL PeachJam https://t.co/WcQ1P7RoDc #Sporting #Shoes","0","0","negative"
"RT @urionestore: #JUAL #JAKET #HOODIE #ZIPPER #NIKE 115RB | ORDER LINE@PRISKAWINDHY @IklanSekarang https://t.co/lndVjIXCXD","0","1","positive"
"RT @POWCASTSPORTS: nike kyrie x krispy kreme #parktyson #artonfire #sneakerart #nike #nicekicks #nikeallday‚Ä¶ https://t.co/kNYkTmptzJ","0","14","positive"
"RT @POWCASTSPORTS: nike kyrie x krispy kreme #parktyson #artonfire #sneakerart #nike #nicekicks #nikeallday‚Ä¶ https://t.co/kNYkTmptzJ","0","14","negative"
"#JUAL #JAKET #HOODIE #ZIPPER #NIKE 115RB | ORDER LINE@PRISKAWINDHY @IklanSekarang https://t.co/lndVjIXCXD","0","1","neutral"
"RT @bravo_sport: In der @ChampionsLeague gibt es einen neuen #Trikot-Trend. Wir zeigen ihn euch: https://t.co/1CiCW6ve2h #UCL #Nike #Adidas","0","1","negative"
"RT @bravo_sport: Der neue #adidas-Schuh von Lionel #Messi ist da! Wir haben ihn nat√ºrlich direkt mal abgecheckt: https://t.co/Ckcv6CDH7k","0","1","positive"
"RT @bravo_sport: Wir haben beim #Puma Tricks Launch in London Cheslea-Star Cesc #Fabregas getroffen: https://t.co/eSO6Pcns8t #ForeverFaster","0","1","negative"
"#Polimil  
Further 9% off all #Adidas boots 
Voucher Code: 
GSG9 
@ https://t.co/1Psc2QYzmu ‚Ä¶ ‚Ä¶ ‚Ä¶ ‚Ä¶ ‚Ä¶ https://t.co/C331dHu2cg","0","1","positive"
"#Apparel #Souvenirs #Adidas NBA #Jersey #NewYork #Knicks Amare Stoudemire Blue sz XL....... https://t.co/7zQpOGlS95 #NBA #Auction","0","0","positive"
"Karl Scholz likes zapatoss #Geox #NorthSails #Puma #Nike #Diadora #asics https://t.co/RgMw5c0qVT https://t.co/29345C25hU","0","0","negative"
"#Kobe #Shoes #Nike Zoom Field General Kyrie Kd Kobe 1 2 3 4 5 6 7 8 9 https://t.co/Y1yKr17fuq #Best #Share","0","0","neutral"
"da merkt man dass du kein plan hast #guru sagt die kraft f√ºr Brust Bizeps kommt aus den #nike #airmax #intelligent https://t.co/xq0Sul1y9A","0","0","negative"
"#Puma Match Schwarz Produkte trenden gerade. Mehr dazu auf https://t.co/RJGplLkV7S . #shopping #trends https://t.co/3slJhu7FXb","0","0","neutral"
"In motion #run #marathon #road #rio #adidas @ Volgograd, Russia https://t.co/Iclbeyr2Q2","1","0","neutral"
"Gute Nacht @ all üí§ 
#schlafen #joggerpants #gem√ºtlich #adidas #6 #tage #kosovo #tedua #burriime #memungon #‚ù§Ô∏è #shko‚Ä¶ https://t.co/9uhXrcwpfT","0","0","negative"
"RT @faznet: Der neue #Adidas-Chef ist nicht so sehr #Fu√üball-Enthusiast, wie der alte. Was sagt der Aufsichtsrat dazu? https://t.co/xyXeQQn‚Ä¶","0","4","positive"
"RT @faznet: Der neue #Adidas-Chef ist nicht so sehr #Fu√üball-Enthusiast, wie der alte. Was sagt der Aufsichtsrat dazu? https://t.co/xyXeQQn‚Ä¶","0","4","negative"
"Der neue #Adidas-Chef ist nicht so sehr #Fu√üball-Enthusiast, wie der alte. Was sagt der Aufsichtsrat dazu? https://t.co/xyXeQQnqqs","3","4","neutral"
"#ADIDAS Essentials Climalite / Hoodie / Kapuzenpullover / ORANGE LOGO / Gr√∂√üe M - https://t.co/Fa427aoRRa https://t.co/rMq3P2PLnf","0","0","neutral"
"San Diego #Chargers Ryan Mathews Men's #Nike Limited #Jersey XXL 2X 2XL Eagles https://t.co/KIBVaxZsRt #Football https://t.co/zAvXolGTVu","0","0","neutral"
"|smoke nd chill|

I brauch echt en neues Smartphone. Diese Bildqualitaet tut ja im Auge weh.

#boost #adidas #ultra‚Ä¶ https://t.co/Um9dmtI2yN","0","0","negative"
"Wenn ich an #BAYER L., #VW √§h #VfLWolfsburg, #SAP H., #Audi/T-Kom/#Adidas #Bayern, Abramowitsch-#Chelsea denke - ja https://t.co/2wF03T51D3","0","0","negative"
"San Diego #Chargers Ryan Mathews Men's #Nike Limited #Jersey XXL 2X 2XL‚Ä¶ https://t.co/h2Oxy6NEJM #Football #Fans https://t.co/HLCmSzyUWK","0","0","positive"
"RT @footballfashion: FC Bayern M√ºnchen 2016/17 adidas Home Kit - https://t.co/HrB8mGWCMB 
#FCBayern #Bundesliga #adidas #MiaSanMia https://‚Ä¶","0","2","negative"
"#Best #Shoes Bape x Undftd x #Adidas Superstar 80v sz 12.5 DS https://t.co/HpJIJ6ZHCi #Athletic https://t.co/UyODkLyUHP","0","0","positive"
"@betterplace_org @SozialeBetriebe Spendet #Adidas auch zur Aufkl√§rung von #Fluchtursachen bzw. macht aufmerksam? Alles andere, heuchlerisch!","1","0","negative"
"San Diego #Chargers Ryan Mathews Men's #Nike Limited #Jersey XXL 2X 2XL Eagles https://t.co/epcPcEbocs #NFL https://t.co/HYjvSzuXbd","0","0","neutral"
"https://t.co/mFZJPNXnGH #Nike DS NIKE KYRIE 1 BROTHERHOOD DUKE PE sz 11 kobe  BHM ALL-star Jordan Bnib","0","0","negative"
"Bayern Munich #Adidas #Neuer GK Jersey (Large Boys) - https://t.co/TuvMOHpfrD #BayernMunich https://t.co/8calBNJvLS","0","0","positive"
"Bayern Munich #Adidas #Neuer GK Jersey (Large Boys) - https://t.co/TuvMOHpfrD #BayernMunich https://t.co/Lqdo4Q0bpz","0","0","negative"
"35,5 Euro - #Adidas Original Herren Dfb Home Trikot Em 2016 Gr L Neu/etikett Wei√ü Uvp 84,95‚Ä¶ https://t.co/LddQQeGj8t https://t.co/3fn6BjeRdj","0","0","neutral"
"RT misischulafit #newyorkagain #nuevayork #coffetime #adidas #americanstyle #ny #nuevayork #cafelife #mividaesbella‚Ä¶ https://t.co/9TVXU1lZIf","0","0","negative"
"Neue #Schuhe braucht der Mensch die 2. üòç #Adidas #SchuhesindauchalsManngeil xD https://t.co/GB5nMP5kvu","4","0","positive"
"#Adidas Damen Longleeve Hoodie Aktuelle Kollektion Gr. S Petrol/ Neon Orange - https://t.co/kM1S7nMUta https://t.co/URybrh71vS","0","0","negative"
"#nike #nikelab #FRAGMENT #hyperrev2016 #Ëó§Âéü„Éí„É≠„Ç∑ Drop Kicks : „ÄêË™øÊüª„ÄëFRAGMENT DESIGN √ó NIKELAB Hyp https://t.co/mI31sWveOY https://t.co/FIRZaDuLWZ","0","0","neutral"
"IG RT danielmesenhoeler After Match‚öΩ #nike #einsiegistnichtgenug #lookingforward #parkplatzflavour #guckdochnic... https://t.co/MA3mcbtmYu","0","0","neutral"
"Grete Klein likes zapatoss #Geox #NorthSails #Puma #Nike #Diadora #asics https://t.co/RgMw5c0qVT https://t.co/f5drnRAbCt","0","0","negative"
"RT @robvegasshow: Schn√§ppchen des Tages: #Puma Uruguay Trikot f√ºr 8.999,00 Euro https://t.co/tolPAFnrf0 https://t.co/VdeqU0Jyd9","0","4","positive"
"#Best #Shoes #Nike #AirJordan4 RETRO IV SZ 10 ALTERNATE 89 https://t.co/UaSet0rKMv #AirJordan https://t.co/4tb0y78won","0","0","negative"
"Nike Air Trainer SC Volt Sz 10.5 BO 1 2 3 4 5 6 7 8 9 10 11 12 13 Retro Jordan $75.00 via Amazon https://t.co/exem29UK9B #deals #nike #jor‚Ä¶","0","0","neutral"
"#Adidas Herren Hoodie Kapuzenpullover Gr.XL (wie L) Schwarz Grau, 18887 - https://t.co/rdssWqJsRr https://t.co/ErwJ2z4gvH","0","0","negative"
"J√∂rg Kr√§mer likes the best #Kappa #Dondup #Decathlon #Oakley #adidas #Lacoste #Babola https://t.co/XsXlPpuKeS https://t.co/K4LXjz9y8r","0","0","positive"
"J√∂rg Kr√§mer likes zapatoss #Geox #NorthSails #Puma #Nike #Diadora #asics https://t.co/RgMw5c0qVT https://t.co/jkQLxA5K6k","0","0","negative"
"30,5 Euro - #Adidas Original #HSV Hose Gr.l Hamburger Sv Trainingshose Neu Mit Etikett https://t.co/FN9hwBg8XW https://t.co/L8I2v43zsN","0","0","negative"
"8,5 Euro - ~#Adidas Fc Bayern M√ºnchen~short~ Kurze Hose~gr.140~ Climacool~wei√ü~original~ Neu https://t.co/77Mons1Yxk https://t.co/i5Q7GomEi7","0","0","positive"
"Vintage #Nike 2000's St Louis #Rams Kurt Warner Football #Jersey XXL https://t.co/dr2HXfNQeS #Football https://t.co/BWDDnVLjky","0","0","negative"
"#NFL Vintage #Nike 2000's St Louis #Rams Kurt Warner #Football #Jersey XXL https://t.co/VLBPlcaXdX https://t.co/35NK5US1KT","0","0","neutral"
"Vintage #Nike 2000's St Louis #Rams Kurt Warner #Football #Jersey XXL https://t.co/PnVjLFClGy #Fan #Apparel https://t.co/0WRXv3vH5l","0","0","positive"
"Vintage #Nike 2000's St Louis #Rams Kurt Warner Football #Jersey XXL https://t.co/Yj5xw2Ec17 #NFL #Football https://t.co/TsarPyyytY","0","0","negative"
"2 Runden um die Alster bei bestem Laufwetter. Wo ist mein Eis? üç¶#deinprojekt #running #alster #alsterrunning #nike ‚Ä¶ https://t.co/pjM61ClHD1","1","0","positive"
"Nike Air Jordan Retro 1 High OG Jeter sz. 11 DS III IV V XI  $850.00 via Amazon https://t.co/exem29UK9B #deals #nike #jordans","0","0","negative"
"#adidas vs #nike - Nike hat einen weiteren Bundesliga-Club an der Angel: 72Mio‚Ç¨-Deal mit Wolfsburg- Adidas: #BUY /JK https://t.co/CnjIZ9g9Zj","0","0","positive"
"RT @robvegasshow: Schn√§ppchen des Tages: #Puma Uruguay Trikot f√ºr 8.999,00 Euro https://t.co/tolPAFnrf0 https://t.co/VdeqU0Jyd9","0","4","negative"
"49 Euro - ‚ô•‚ô• Rotes Fc Bayern M√únchen Trikot Von #Adidas Gr. 140 - Ein Original ‚ô•‚ô• https://t.co/OmyfTssjp4 https://t.co/lZJK0kP96d","0","0","positive"
"RT @robvegasshow: Schn√§ppchen des Tages: #Puma Uruguay Trikot f√ºr 8.999,00 Euro https://t.co/tolPAFnrf0 https://t.co/VdeqU0Jyd9","0","4","negative"
"#Best #Nike LEBRON 10 X ""VOLT DUNKMAN2"" SZ 8.5 [541100 700] #Yeezy vs Lebron vs jump man https://t.co/3hmKUdw5GI #Shoes","0","0","positive"
"Schn√§ppchen des Tages: #Puma Uruguay Trikot f√ºr 8.999,00 Euro https://t.co/tolPAFnrf0 https://t.co/VdeqU0Jyd9","12","4","negative"
"120 Euro - Original #Adidas Dfb Adizero 4 Sterne Trikot Matchworn https://t.co/rpt3JJZRKZ https://t.co/ha6gFWKGxu","0","0","neutral"
"#Shoes #Nike LEBRON 10 X ""VOLT DUNKMAN2"" SZ 8.5 [541100 700] #Yeezy vs Lebron vs jump‚Ä¶ https://t.co/ed2EQjrGQe #Good https://t.co/EVo8aYYnX6","0","0","positive"
"RT @Wobscorer: Kleine Design-Session! üíö #WOB #Nike https://t.co/wJhLO3dwUL","0","1","negative"
"Kleine Design-Session! üíö #WOB #Nike https://t.co/wJhLO3dwUL","7","1","positive"
"https://t.co/MlEqwyB2lb #Nike Nike Air Jordan CMFT 11 VIZ Air Blue/Black-Spark-Anthracite 444905-401Men's 9.5","0","0","negative"
"#Adidas unterst√ºtzt #FIFA weiterhin finanziell - trotz der Skandale. Wesentlich f√ºr den Verkauf der #Sportartikel https://t.co/8OMv8JJpgD","0","0","neutral"
"@Nike @nikestore @nikesportswear Which shoe model is that? / Welches Schuhmodell ist das? #NIKE #nikeairmax https://t.co/QJZ5OIgn26","0","0","negative"
"RT @LenArt24: Zum WocheENDE mein erstes Kunstwerk #nike #justdoit #papier #grafik #gelb #gr√ºn #blau #rot #LenArt24 üì∑: @LenArt24 https://t.c‚Ä¶","0","41","positive"
"Andreas Herrmann likes zapatoss #Geox #NorthSails #Puma #Nike #Diadora #asics https://t.co/RgMw5c0qVT https://t.co/xjkDoWU57z","0","0","negative"
"5,51 Euro - #Adidas Deutschland Trikot Schweisteiger *dfb* Original https://t.co/3mxylllYUd https://t.co/QnvazMdnPo","0","0","neutral"
"1,5 Euro - #Adidas Deutschland Trikot √ñzil *dfb* Original https://t.co/s75Ahp0E7Q https://t.co/eWvjXP5YfB","0","0","neutral"
"https://t.co/yihgpHGFSi #Nike NIKE AIR JORDAN RETRO 8 ""PHOENIX SUNS"" SZ 9.5","0","0","negative"
"Die sympathische deutsche Marke #adidas https://t.co/goeWicY6Gq","0","0","positive"
"#jobs #jobsuche #N√ºrnberg #PUMA MM:  
           #Bayern-N√ºrnberger Land, Sie sind SAP Basis Experte? Sie suc... https://t.co/nMHxzEeyC1","0","0","negative"
"https://t.co/BYmLYZj7Rk #Nike DS Nike KD V Christmas sz 9.5","0","0","positive"
"Uschi Krause likes zapatoss #Geox #NorthSails #Puma #Nike #Diadora #asics https://t.co/RgMw5c0qVT https://t.co/nGvCQNG0uj","0","0","negative"
"Aller #Skandale zum Trotz. #Adidas h√§lt der #Fifa die #Treue #Peinlich #Boykott  https://t.co/NZflOoPncO","0","0","neutral"
"Hilda Neumann likes zapatoss #Geox #NorthSails #Puma #Nike #Diadora #asics https://t.co/RgMw5c0qVT https://t.co/p22E32cjZi","0","0","negative"
"Was spricht die #Crowd aktuell √ºber #Adidas?
Hier finden Sie alle Marktstimmen:
https://t.co/fYVTg4oCqu
#Fintech https://t.co/7FRAlEZtxX","0","0","positive"
"Was spricht die #Crowd aktuell √ºber #Adidas?
Hier finden Sie alle Marktstimmen:
https://t.co/yhKWjBt0rb
#Fintech https://t.co/073rVyUQAN","0","0","positive"
"Die neuen #Nike-Trikots vom FCA. Mit V-Kragen. Auch bei #WOB m√∂glich. https://t.co/mjKUky09C4","1","0","negative"
"#shoes #Nike #Vine Albert Darr:","0","0","neutral"
"[ 35,77% OFF ] https://t.co/KWZggLGIqD #Nike Nike Damen Laufschuh NIKE Air Zoom Pegasus 32 W pink / grau https://t.co/ucvM9P07Cm","0","0","positive"
"[ 35,78% OFF ] https://t.co/4su4ArZTkq #Nike Nike Damen Laufschuh NIKE Air Zoom Pegasus 32 W pink / grau https://t.co/2c7iiFgHpa","0","0","positive"
"[ 35,78% OFF ] https://t.co/XTuTtvfAjj #Nike Nike Damen Laufschuh NIKE Air Zoom Pegasus 32 W pink / grau https://t.co/Ibn4KZs7KG","0","0","negative"
"[ 35,78% OFF ] https://t.co/vk3BojjhBl #Nike Nike Damen Laufschuh NIKE Air Zoom Pegasus 32 W pink / grau https://t.co/ntb7jEupob","0","0","negative"
"#Best #Shoes #Nike AIR #Yeezy 1 ZEN SIZE 9 RETRO DB BANNED ROYAL CDP FRAG#MenT‚Ä¶ https://t.co/ZK0iOWdhxz #Athletic https://t.co/luzmeyuDzk","0","0","negative"
"2 Euro - Bayern M√ºnchen Trikot Hose, Kinder, Gr√∂√üe 176, #Adidas, Schwarz Gold, Original https://t.co/kQ3QR5REYO https://t.co/10JPR1DHZA","0","0","neutral"
"#ebay #buynow #deal 2014 Nike Air Jordan 3Lab5 Retro 5 V Black Silver NIB DS SZ 9 ( 59958... https://t.co/V5vZdj2ZMm #nike #fashion #buy","0","0","negative"
"#Hot #Nike Air Jordan Retro IV Gym Red Alternate DS 10 Supreme Dunk SB #Yeezy BIN DMP https://t.co/exAmEoBSH4 #TFB https://t.co/VtZgIgUgXT","0","0","positive"
"#Popular #Nike Air Jordan Retro IV Gym Red Alternate DS 10 Supreme Dunk SB‚Ä¶ https://t.co/0w1eBbJkYw #Fashion #Shoes https://t.co/C8OKuHcfpH","0","0","negative"
"https://t.co/LXs0fvtbzb #Nike Nike Air Jordan 4 IV Retro Legend Blue, DS, Men's 11. Unworn.","0","0","neutral"
"#Shoes #Style #Nike sb dunk hi burch size 10.5 #Yeezy https://t.co/VT3hEaNca7 #Yeezy350 https://t.co/CNI9zwk5Gj","1","0","negative"
"#Best #Shoes #Nike Carmelo Anthony Michael Jordan #Basketball Shoes #Men's Sz9‚Ä¶ https://t.co/QPSY90jkFX #Nice #Share https://t.co/UzstB419Hs","0","0","positive"
"#Good #Nike sb dunk hi burch size 10.5 #Yeezy https://t.co/I7A5XDuLMp #Like #Shoes https://t.co/mkcZlqiunN","0","0","negative"
"#Sports #Nike sb dunk hi burch size 10.5 #Yeezy https://t.co/8wWGfMHF09 #News https://t.co/TelwHo52Ws","0","0","neutral"
"#Top #Nike Air Jordan Retro IV Gym Red Alternate DS 10 Supreme Dunk SB #Yeezy BIN DMP https://t.co/ofv0GFS4uQ #Shoes","0","0","negative"
"#Top #Nike Air Jordan Retro IV Gym Red Alternate DS 10 Supreme Dunk SB #Yeezy BIN DMP https://t.co/YicnASd72h #Buzz https://t.co/kbV6aFQP43","0","0","neutral"
"J√ºrgen Vogt likes De compra! #AllStarConverse #mastercard #LeCoqSportif #Puma #Decathl https://t.co/SPgMKhBYrn https://t.co/zprUwkqcOJ","0","0","positive"
"#Shoes #Nike sb dunk hi burch size 10.5 #Yeezy https://t.co/aMLTwyb1FD #Sports https://t.co/DcobSK0BlT","0","0","positive"
"#Deal #Nike sb dunk hi burch size 10.5 #Yeezy https://t.co/ZzaxqmWHQa #RT https://t.co/Rat5cOWrjb","0","0","negative"
"#Best #Shoes #Nike #AirForce1 HTM Sz11 JD Sport Euro Vintage Linen Atmos https://t.co/ikohNKX61H #AirForce https://t.co/JtNSQqJRsc","0","0","neutral"
"#Best #Shoes #Nike #AirForce1 Barcode sz 10 JD Sport Euro Vintage https://t.co/EaIcq7fOGB #AirForce https://t.co/dhQcSWsHOx","0","0","negative"
"#Best #Shoes #Nike #AirForce1 Portland sz 10 JD Sports Euro Vintage https://t.co/sxoMyMnCP6 #AirForce https://t.co/GcwkObUHTW","0","0","positive"
"299,99 Euro - Fc Bayern M√ºnchen Original #Adidas Matchworn Trikot 1990/91 ""opel"" + Nr.14‚Ä¶ https://t.co/wg6VqnNvsk https://t.co/dOuvUf2TBc","0","0","negative"
"#Best #Shoes #Nike #AirForce1 LT sz 10 JD Sport Euro Vintage https://t.co/FwMtuIThKg #AirForce https://t.co/bVMh5piyAF","0","0","neutral"
"100 Euro - Original #Adidas Bayern M√ºnchen Scholl Trikot 2001 Cl Champions League Finale Top https://t.co/2qCErtYeTj https://t.co/wQmzslErZM","0","0","negative"
"Gretchen Richter likes zapatoss #Geox #NorthSails #Puma #Nike #Diadora #asics https://t.co/RgMw5c0qVT https://t.co/MmF72SKKTO","0","0","positive"
"RT @PhilippPflieger: Zwei Tage Spitzen-Leichtathletik beim #ABAM (#Adidas Boost Athletics Meeting) mit nationalen &‚Ä¶ https://t.co/9xLOrBx9SP","0","2","negative"
"#Best #Shoes  (723972 017) DS #Nike #AirMax TR180 black/white/volt sz 10.5 #Mens retro https://t.co/WZYdSMZrTi #Running","0","0","neutral"
"https://t.co/9WNJ2s8Uwg #Nike Nike Free Trainer 5.0 Sz 13","0","0","negative"
"Die gelben Streifen und das Logo √§ndern und man hat das neue #WOB Trikot 2016/17? #NIKE https://t.co/ms0r7bHjB3","3","0","positive"
"RT @pebbkenklessba1: #KanyeWest #Fashion 2009 #Nike Air #Yeezy Zen Grey Kanye West Blink Solar‚Ä¶ https://t.co/ZMfE6rZyWg #Bestseller #Buy ht‚Ä¶","0","1","negative"
"#KanyeWest #Style 2009 #Nike Air #Yeezy Zen Grey Kanye West Blink Solar‚Ä¶ https://t.co/HUs7Qo7WMH #onsale #Discount https://t.co/Lxlhq8XQhN","0","0","neutral"
"#KanyeWest #Fashion 2009 #Nike Air #Yeezy Zen Grey Kanye West Blink Solar‚Ä¶ https://t.co/ZMfE6rZyWg #Bestseller #Buy https://t.co/GGVuOOdzsx","0","1","negative"
"IG RT nsuele25 ‚õ≥üèå#golf #nike Jetzt auf ZW√ñLFTER: https://t.co/kdZoli4F96 https://t.co/Ysqw1O8HER","0","0","negative"
"50 Euro - Original Fc Bayern M√ºnchen Trikot Pullover Magirus Deutz Nr 8 S Vintage #Adidas! https://t.co/51mwNFECle https://t.co/Q6zh1ilNR6","0","0","positive"
"RT @Kleidergroessen: NUR HEUTE: DFB Home Jersey EM 2016 Adidas Trikot nur 49,95‚Ç¨
=> https://t.co/qSA7WODURw 
#EM2016 #DFB #TRIKOT #Adidas h‚Ä¶","0","1","negative"
"Das neue Bayern Shirt jetzt erh√§ltlich f√ºr 89.80 im @FussballCorner #adidas #26‚Ä¶ https://t.co/6tH7kastNu","0","0","positive"
"Keep your style on point ‚Äì Schon unsere Auswahl an #Nike Apparel gesehen?  ‚Üí https://t.co/VRJUVDASgC https://t.co/sgif1EZ1nn","0","0","negative"
"@SCPaderborn07 Ja ja der b√∂se Ball wollte nicht. Endlich wissen wir #adidas ist schuld!","0","0","positive"
"Heute mit guten 65.42m in die Saison eingestiegen ÛæÆüüèºÛæ≠ûüèº
Danke Wiesbaden Ûæåµ

#Nike #Bundespolizei #Spitzensport... https://t.co/AThFFspQPG","3","0","negative"
"#Best #Shoes #Nike Dunk CMFT PRM 11.5 Air #Yeezy Red October Lobster Pigeon WTD‚Ä¶ https://t.co/UGkgDJCPi6 #Athletic https://t.co/k8h9N6j1BT","0","0","positive"
"#adidas Herren Jacke mehrfarbig Gr. XL #zzyllyz - https://t.co/cTJ5wAgXmL","0","0","negative"
"lockerer Lauf #nikeplus #nikerunning #nike #laufen #joggen #fitness #sport #workout #train‚Ä¶ https://t.co/ldIpW6P5VJ https://t.co/oLsQl9pCx6","0","0","neutral"
"‚ö´Ô∏èüî™ Underground Grunge üî™‚ö´Ô∏è #Bvlgari #KhakiStyles #Grunge #StreetStyle #Adidas #AdidasZA #R‚Ä¶ https://t.co/lE8xhLpddO https://t.co/oZtirjbN4s","2","0","negative"
"#nike #shoes Nike LeBron Soldier IX https://t.co/O01Lmeoz7e #forsale #kicks","0","0","positive"
"#Best New #Nike KD 8 VIII EXT Woven Black Gum Kevin Durant SZ 9 (806393-001) $200 https://t.co/XE6CO6Lm9A #Sporting","0","0","negative"
"[ 32,64% OFF ] https://t.co/TcVs4SCqNR #adidas adidas Herren Kurz√§rmliges Trikot FC Bayern Third Jersey https://t.co/xNbcxK0p4I","0","0","neutral"
"IG RT nsuele25 ‚õ≥üèå#golf #nike Jetzt auf ZW√ñLFTER: https://t.co/HVB5tZC1Fk https://t.co/3P2TvQYSnH","0","0","positive"
"#nike #shoes kobe nike https://t.co/RlxHOEBE7f #forsale #kicks","0","0","negative"
"#Sport #Tennis #Nike Roger #Federer 2009 Tennis Polo Glass Blue/Black 2XL 348303-332 https://t.co/lbVNw390MQ #Best #Deals","0","0","positive"
"jetzt nur noch 4-6 Wochen warten üòÅüëçüèº
bin gespannt wie er am fu√ü aussieht üòä

#adidas #eqtcustom‚Ä¶ https://t.co/GF3cDCE5y3","0","0","negative"
"5,51 Euro - #Adidas Dfb Original Trikot Kinder 152 Wie Neu https://t.co/Tdsohc4wQq https://t.co/700mmcXVM2","0","0","positive"
"Woven Nike Roshe Runs üéÄ
üì∑: @geextherese ----------
#nike #wovenrosheruns #nikerosherun 
#igsneakercommunity #sneake‚Ä¶ https://t.co/MrlEuYnZhU","0","0","positive"
"#Best Klay Thompson #Adidas 2015 Golden State #Warriors Finals #Jersey Gold #TShirt Men's https://t.co/VA7tfNz22N #SO","1","0","negative"
"Hildegard Zimmermann likes zapatoss #Geox #NorthSails #Puma #Nike #Diadora #asics https://t.co/RgMw5c0qVT https://t.co/l89cbU5Z3t","0","0","neutral"
"Hildegard Zimmermann likes Nike Air Jordan #NBA #Nike #MichaelJordan #NikeAir https://t.co/ZGnFPlku6y https://t.co/hAkZE41sKl","0","0","negative"
"RT @xztals: Inter x nike x versace #nike #football #design #versace #inter #graphics #seriea #whatif https://t.co/gddbuXAciI","0","26","positive"
"Hildegard Zimmermann likes tour #Nikon #Lacoste #adidas #Diadora #casio #Decathlon #LeC https://t.co/sqKGEHMap2 https://t.co/8BicUzlAF2","0","0","negative"
"Der adidas NMD Primeknit ""Vapour Grey"" spricht Franz√∂sisch! #nmd #adidasNMD #adidas‚Ä¶ https://t.co/7eSxZt8TYA https://t.co/6RsjwYuKoB","0","0","neutral"
"Hildegard Zimmermann likes De compra! #AllStarConverse #mastercard #LeCoqSportif #Puma  https://t.co/SPgMKhBYrn https://t.co/Bp4wzom3ag","0","0","negative"
"Hildegard Zimmermann likes yoga time #Camomillamilano #L‚ÄôErbolario #Nike #casio #Oakl https://t.co/ziTS8sDOpr https://t.co/q2xxyFSoyO","0","0","positive"
"Hildegard Zimmermann likes wow #CalvinKlein #GAP #adidas #Persol #MarcJacobs #Gatorade  https://t.co/YiF5rLQ94Y https://t.co/KVAF1uXoDA","0","0","negative"
"#Biografie von #Nike-Gr√ºnder #Phil #Knight : #Vom #Schuhverk√§ufer zum #Milliard√§r https://t.co/B2cMBkSWpP","0","0","neutral"
"RT @PhilippPflieger: Zwei Tage Spitzen-Leichtathletik beim #ABAM (#Adidas Boost Athletics Meeting) mit nationalen &‚Ä¶ https://t.co/9xLOrBx9SP","0","2","negative"
"#Nice #Like MEN'S #Nike KOBE IX ""PHILIPPINES"" SIZE 11 #I https://t.co/RETvb2ffzM #Kobe #Shoes https://t.co/yjTo3tP2vc","0","0","positive"
"RT @Hapfelmeier: 20./21.05 bei uns in #Weilheim  erstelle deinen pers√∂nlichen Videoclip - #adidas Running Schuhe. https://t.co/Rw2OB1dpy8","0","1","negative"
"20./21.05 bei uns in #Weilheim  erstelle deinen pers√∂nlichen Videoclip - #adidas Running Schuhe. https://t.co/Rw2OB1dpy8","0","1","neutral"
"RT @FashionUnitedDE: Adidas schlie√üt alle neo-Filialen in Europa https://t.co/dBJIR1yFTr  #mode #Adidas #Europa","0","1","neutral"
"#Top #Shoes #Nike dunk retro cmft crimson red october #Yeezy 705433-601‚Ä¶ https://t.co/azyhTQPKkq #Style #F4F https://t.co/LhSjW5ozYg","0","0","positive"
"Adidas schlie√üt alle neo-Filialen in Europa https://t.co/dBJIR1yFTr  #mode #Adidas #Europa","0","1","negative"
"https://t.co/BNZb1WN5YR #Nike Men's Nike Air Max Ken Griffin","0","0","neutral"
"#Best #Shoes  #Nike #AirMax TR180 AMP ""BLACK GUM BOTTOM"" sz 12 https://t.co/ShezONWMAj #Running","1","0","negative"
"#Shoes #Fashion #Nike dunk retro cmft crimson red october #Yeezy 705433-601‚Ä¶ https://t.co/OyznaTdx0n #YeezySeason https://t.co/dfX1H70gMS","0","1","negative"
"By @vizslamixhenry - ‚òùüèºÔ∏ènew #runningshoes , #puma , not bad. Henry sagte ich, dass ich neue Schuhe vom Puma habe, e‚Ä¶ https://t.co/ReJLEWhStP","1","0","neutral"
"Zwei Tage Spitzen-Leichtathletik beim #ABAM (#Adidas Boost Athletics Meeting) mit nationalen &‚Ä¶ https://t.co/9xLOrBx9SP","1","2","negative"
"#Adidas bleibt trotz Skandalen #FIFA-Sponsor https://t.co/wXjDfaN3a2","0","0","positive"
"NUR HEUTE: DFB Home Jersey EM 2016 Adidas Trikot nur 49,95‚Ç¨
=> https://t.co/qSA7WODURw 
#EM2016 #DFB #TRIKOT #Adidas https://t.co/eSFsnk9PYQ","1","1","positive"
"20,5 Euro - Original #Adidas Deutschland Trikot Dfb Gr. Xl Mesut √ñzil #8 Neu Em 2012 2016 https://t.co/0opDNFPooe https://t.co/Ic9UwdYDgM","0","0","positive"
"#Nice #Like #Nike Kobe 8 System SS Christmas 639522001 Sz.10 Green Grinch‚Ä¶ https://t.co/CMlhU1cM2M #Kobe #Shoes https://t.co/vpHy230gUD","0","0","positive"
"106 Euro - Original #Adidas Deutschland Dfb Trikot Wm 1990 Gr√∂√üe 3/4 https://t.co/P3yICUXbBC https://t.co/EcsOCN4wMa","0","0","negative"
"[ 30,54% OFF ] https://t.co/T9Mji1p20M #adidas adidas Duramo Trainer Herren Hallenschuhe https://t.co/ZSSXvLkPB4","0","0","negative"
"Ich w√ºnsche euch einen sch√∂nen Pfingstsonntag üòâüí™
#motivation #underarmour #adidas https://t.co/APYuqB9lMq","4","0","negative"
"#nike #shoes Nike Air Max TR180 AMP ""BLACK GUM BOTTOM"" sz 12 https://t.co/GyVFTFKgrB #forsale #kicks","0","0","positive"
"RT @pebbkenklessba1: #KanyeWest #Fashion 2012 #Nike Air #Yeezy II 2 NRG KANYE WEST WOLF GREY‚Ä¶ https://t.co/W4y1h8iUbp #Bestseller #Buy http‚Ä¶","0","1","negative"
"#KanyeWest #Style 2012 #Nike Air #Yeezy II 2 NRG KANYE WEST WOLF GREY‚Ä¶ https://t.co/pseNuJSwEb #onsale #Discount https://t.co/cvUGgRmEzr","0","0","neutral"
"#KanyeWest #Fashion 2012 #Nike Air #Yeezy II 2 NRG KANYE WEST WOLF GREY‚Ä¶ https://t.co/W4y1h8iUbp #Bestseller #Buy https://t.co/0OAXYcFpw7","0","1","negative"
"Vintage #Nike Kurt Warner St. Louis #Rams #NFL #Jersey Sz Medium Men's https://t.co/bWLBn1vA82 #Fan #Apparel https://t.co/Tqmkgvukyh","0","0","neutral"
"#Best New #Nike KD 8 VIII EXT Woven Black Gum Kevin Durant SZ 9.5 (806393-001) $200 https://t.co/jI7XQXSTvi #Sporting","0","0","negative"
"Vintage #Nike Kurt Warner St. Louis #Rams #NFL #Jersey Sz Medium Men's https://t.co/pJbvhk88Df #Football https://t.co/eZpHADFRST","0","0","positive"
"#NFL Vintage #Nike Kurt Warner St. Louis #Rams NFL #Jersey Sz Medium Men's https://t.co/D1PiWMRrrJ https://t.co/PrB9JYtvFS","0","0","negative"
"#Best New #Nike KD 8 VIII EXT Woven Black Gum Kevin Durant SZ 9.5 (806393-001) $200 https://t.co/N4tPwzJVle #Sporting #Shoes","0","0","negative"
"#Top New #Nike KD 8 VIII EXT Woven Black Gum Kevin Durant SZ 9.5‚Ä¶ https://t.co/OrJqDMww5i #Sports #Shoes https://t.co/1IonhKuoDV","0","0","positive"
"#Best New #Nike KD 8 VIII EXT Woven Black Gum Kevin Durant SZ 9 (806393-001) $200 https://t.co/R5KkxkEpep #Sporting #Shoes","0","0","negative"
"#Top New #Nike KD 8 VIII EXT Woven Black Gum Kevin Durant SZ 9 (806393-001)‚Ä¶ https://t.co/zlBEjFLGdw #Sports #Shoes https://t.co/Md1DpwPa9b","0","0","neutral"
"#Best #Shoes 2005 DS #Nike #AirForce1 one Christmas sz10 https://t.co/BotS5OUBRa #AirForce https://t.co/D0EGNaCo2o","0","0","negative"
"#nike #shoes Nike Okwahn II ACG Lunar boots size 11.5 https://t.co/A8tsbtbBz9 #forsale #kicks","0","0","positive"
"Vera Lehmann likes zapatoss #Geox #NorthSails #Puma #Nike #Diadora #asics https://t.co/RgMw5c0qVT https://t.co/3DiGzKOmCY","0","0","negative"
"RT @urionestore: #JUAL #JAKET #HOODIE #ZIPPER #NIKE 115RB | ORDER LINE@PRISKAWINDHY @iklansupplier https://t.co/lndVjIXCXD","0","1","negative"
"#JUAL #JAKET #HOODIE #ZIPPER #NIKE 115RB | ORDER LINE@PRISKAWINDHY @iklansupplier https://t.co/lndVjIXCXD","0","1","neutral"
"3,5 Euro - Original Bayer 04 #Leverkusen Trikot #Adidas Gr. M Top!!! https://t.co/URKuyYmKzJ https://t.co/XMNuuYDtA4","0","0","negative"
"#Mens #Nike Hyperdunk 2013 Mens #Basketball #Shoes Size 17 Red Lunarlon Flywire https://t.co/QphH1TzThY #Top https://t.co/xSYsRb9Q50","0","0","negative"
"Vera Lehmann likes wow #CalvinKlein #GAP #adidas #Persol #MarcJacobs #Gatorade #BALENCI https://t.co/YiF5rLQ94Y https://t.co/XnaLNhaIKS","0","0","neutral"
"#JUAL #JAKET #HOODIE #ZIPPER #NIKE 115RB | ORDER LINE@PRISKAWINDHY @Jualbeli https://t.co/lndVjIXCXD","0","0","negative"
"RT @urionestore: #JUAL #JAKET #HOODIE #ZIPPER #NIKE 115RB | ORDER LINE@PRISKAWINDHY @apaajaIKLAN https://t.co/lndVjIXCXD","0","1","negative"
"#JUAL #JAKET #HOODIE #ZIPPER #NIKE 115RB | ORDER LINE@PRISKAWINDHY @apaajaIKLAN https://t.co/lndVjIXCXD","0","1","neutral"
"#Nike Herren Jacke Winterjacke Primaloft Schwarz Cascade Daunenjacke Kapuze M - https://t.co/z6z3vC36gY https://t.co/YZA5gBMNTo","0","0","negative"
"#JUAL #JAKET #HOODIE #ZIPPER #NIKE 115RB | ORDER LINE@PRISKAWINDHY @tweetjubel https://t.co/lndVjIXCXD","0","0","negative"
"Doug Flutie San Diego #Chargers #Jersey - Vintage - #Adidas - Extra Large XL https://t.co/oi1hmS388E #NFL #Apparels https://t.co/SdGqfgBfLc","0","0","positive"
"#Mens Mens #Nike Lebron Soldier IX White/Black/Silver #Basketball #Shoes size 10.5 EUC https://t.co/6Sxe8Wf8qS #Top https://t.co/sNWhgyZ8dS","0","0","positive"
"#JUAL #JAKET #HOODIE #ZIPPER #NIKE 115RB | ORDER LINE@PRISKAWINDHY @JatengIKLAN https://t.co/lndVjIXCXD","0","0","negative"
"#JUAL #JAKET #HOODIE #ZIPPER #NIKE 115RB | ORDER LINE@PRISKAWINDHY @CelotehPROMO https://t.co/lndVjIXCXD","0","0","neutral"
"98¬¥Supreme üêç
#airmax #98 #supreme #sneakers #nike #paris @ Tour Eiffel https://t.co/kOsDjOiAxu","0","0","negative"
"6,49 Euro - Fc #Schalke 04 - Original Trikot - #Adidas - Victoria - Ausw√§rts - Top Zustand‚Ä¶ https://t.co/0K9y8jGT9E https://t.co/RnDcsGVcx3","0","0","negative"
